,AAPL,MSFT,NVDA,VOO,GLD,IEF,BTC-USD
AAPL,0.08260446231581675,0.05002177942450261,0.07148997405528489,0.03740148391589037,0.0013386743416799278,-0.001735663378769903,0.030594013611659785
MSFT,0.05002177942450261,0.07416880554539389,0.07697523799654789,0.0367694714093236,0.001276591029540393,-0.0017395519904360754,0.03418704174224504
NVDA,0.07148997405528489,0.07697523799654789,0.23291588691607465,0.0550605903376951,0.002941162007978597,-0.002557106115205228,0.06422671072257832
VOO,0.03740148391589037,0.0367694714093236,0.0550605903376951,0.031314083123824846,0.001920106820814408,-0.0017350285698686397,0.027081434373191812
GLD,0.0013386743416799278,0.001276591029540393,0.002941162007978597,0.001920106820814408,0.025820387929712918,0.0035334906067662694,0.010197871124702305
IEF,-0.001735663378769903,-0.0017395519904360754,-0.002557106115205228,-0.0017350285698686397,0.0035334906067662694,0.004311361282345136,-0.00032723887814455765
BTC-USD,0.030594013611659785,0.03418704174224504,0.06422671072257832,0.027081434373191812,0.010197871124702305,-0.00032723887814455765,0.4365732364243001
